{
  "0.0": {
    "rho_enhancement": 1.0,
    "v_max": 0.20000000298023224,
    "divB_rms": 0.0
  },
  "10.0": {
    "rho_enhancement": 1.647514820098877,
    "v_max": 1.2871986627578735,
    "divB_rms": 0.0019711453933268785
  },
  "12.0": {
    "rho_enhancement": 1.5558316707611084,
    "v_max": 1.2905807495117188,
    "divB_rms": 0.0008992708171717823
  }
}