{
  "0.0": {
    "rho_enhancement": 1.0,
    "rho_max": 1.0,
    "v_max": 0.20000000298023224,
    "divB_rms": 0.0
  },
  "5.0": {
    "rho_enhancement": 1.2469905614852905,
    "rho_max": 1.2469905614852905,
    "v_max": 1.0079877376556396,
    "divB_rms": 0.00019077866454608738
  },
  "10.0": {
    "rho_enhancement": 1.7411507368087769,
    "rho_max": 1.7412817478179932,
    "v_max": 1.2944294214248657,
    "divB_rms": 0.002203428652137518
  },
  "12.0": {
    "rho_enhancement": 1.6813693046569824,
    "rho_max": 2.129854679107666,
    "v_max": 1.2958171367645264,
    "divB_rms": 0.0011727461824193597
  }
}